{"branches": 80.18018018018019, "coverage": 91.91340337472143}