{"branches": 31.182795698924732, "coverage": 26.814841369421043}